--
-- PostgreSQL database dump
--

\restrict Ame5RedryAeyDKOZ6iaRpDbHLOy7ZQTaaI0mWdqwZhbTuog0vMyyHlFJGubQS26

-- Dumped from database version 18.1
-- Dumped by pg_dump version 18.1

SET statement_timeout = 0;
SET lock_timeout = 0;
SET idle_in_transaction_session_timeout = 0;
SET transaction_timeout = 0;
SET client_encoding = 'UTF8';
SET standard_conforming_strings = on;
SELECT pg_catalog.set_config('search_path', '', false);
SET check_function_bodies = false;
SET xmloption = content;
SET client_min_messages = warning;
SET row_security = off;

SET default_tablespace = '';

SET default_table_access_method = heap;

--
-- Name: __EFMigrationsHistory; Type: TABLE; Schema: public; Owner: postgres
--

CREATE TABLE public."__EFMigrationsHistory" (
    "MigrationId" character varying(150) NOT NULL,
    "ProductVersion" character varying(32) NOT NULL
);


ALTER TABLE public."__EFMigrationsHistory" OWNER TO postgres;

--
-- Name: asp_net_role_claims; Type: TABLE; Schema: public; Owner: postgres
--

CREATE TABLE public.asp_net_role_claims (
    id integer NOT NULL,
    role_id uuid NOT NULL,
    claim_type text,
    claim_value text
);


ALTER TABLE public.asp_net_role_claims OWNER TO postgres;

--
-- Name: asp_net_role_claims_id_seq; Type: SEQUENCE; Schema: public; Owner: postgres
--

ALTER TABLE public.asp_net_role_claims ALTER COLUMN id ADD GENERATED BY DEFAULT AS IDENTITY (
    SEQUENCE NAME public.asp_net_role_claims_id_seq
    START WITH 1
    INCREMENT BY 1
    NO MINVALUE
    NO MAXVALUE
    CACHE 1
);


--
-- Name: asp_net_roles; Type: TABLE; Schema: public; Owner: postgres
--

CREATE TABLE public.asp_net_roles (
    id uuid NOT NULL,
    name character varying(256),
    normalized_name character varying(256),
    concurrency_stamp text
);


ALTER TABLE public.asp_net_roles OWNER TO postgres;

--
-- Name: asp_net_user_claims; Type: TABLE; Schema: public; Owner: postgres
--

CREATE TABLE public.asp_net_user_claims (
    id integer NOT NULL,
    user_id uuid NOT NULL,
    claim_type text,
    claim_value text
);


ALTER TABLE public.asp_net_user_claims OWNER TO postgres;

--
-- Name: asp_net_user_claims_id_seq; Type: SEQUENCE; Schema: public; Owner: postgres
--

ALTER TABLE public.asp_net_user_claims ALTER COLUMN id ADD GENERATED BY DEFAULT AS IDENTITY (
    SEQUENCE NAME public.asp_net_user_claims_id_seq
    START WITH 1
    INCREMENT BY 1
    NO MINVALUE
    NO MAXVALUE
    CACHE 1
);


--
-- Name: asp_net_user_logins; Type: TABLE; Schema: public; Owner: postgres
--

CREATE TABLE public.asp_net_user_logins (
    login_provider text NOT NULL,
    provider_key text NOT NULL,
    provider_display_name text,
    user_id uuid NOT NULL
);


ALTER TABLE public.asp_net_user_logins OWNER TO postgres;

--
-- Name: asp_net_user_roles; Type: TABLE; Schema: public; Owner: postgres
--

CREATE TABLE public.asp_net_user_roles (
    user_id uuid NOT NULL,
    role_id uuid NOT NULL
);


ALTER TABLE public.asp_net_user_roles OWNER TO postgres;

--
-- Name: asp_net_user_tokens; Type: TABLE; Schema: public; Owner: postgres
--

CREATE TABLE public.asp_net_user_tokens (
    user_id uuid NOT NULL,
    login_provider text NOT NULL,
    name text NOT NULL,
    value text
);


ALTER TABLE public.asp_net_user_tokens OWNER TO postgres;

--
-- Name: asp_net_users; Type: TABLE; Schema: public; Owner: postgres
--

CREATE TABLE public.asp_net_users (
    id uuid CONSTRAINT users_id_not_null NOT NULL,
    email character varying(256),
    password_hash text,
    first_name character varying(50) CONSTRAINT users_first_name_not_null NOT NULL,
    last_name character varying(50) CONSTRAINT users_last_name_not_null NOT NULL,
    phone_number text,
    created_at timestamp with time zone CONSTRAINT users_created_at_not_null NOT NULL,
    updated_at timestamp with time zone,
    access_failed_count integer DEFAULT 0 NOT NULL,
    concurrency_stamp text,
    email_confirmed boolean DEFAULT false NOT NULL,
    lockout_enabled boolean DEFAULT false NOT NULL,
    lockout_end timestamp with time zone,
    normalized_email character varying(256),
    normalized_user_name character varying(256),
    phone_number_confirmed boolean DEFAULT false NOT NULL,
    security_stamp text,
    two_factor_enabled boolean DEFAULT false NOT NULL,
    user_name character varying(256),
    created_by_landlord_id uuid
);


ALTER TABLE public.asp_net_users OWNER TO postgres;

--
-- Name: issue_comments; Type: TABLE; Schema: public; Owner: postgres
--

CREATE TABLE public.issue_comments (
    id uuid NOT NULL,
    issue_id uuid NOT NULL,
    author_id uuid NOT NULL,
    content character varying(2000) NOT NULL,
    created_at timestamp with time zone NOT NULL,
    updated_at timestamp with time zone
);


ALTER TABLE public.issue_comments OWNER TO postgres;

--
-- Name: issue_servicemen; Type: TABLE; Schema: public; Owner: postgres
--

CREATE TABLE public.issue_servicemen (
    issue_id uuid NOT NULL,
    serviceman_id uuid NOT NULL,
    assigned_at timestamp with time zone NOT NULL
);


ALTER TABLE public.issue_servicemen OWNER TO postgres;

--
-- Name: issues; Type: TABLE; Schema: public; Owner: postgres
--

CREATE TABLE public.issues (
    id uuid NOT NULL,
    title character varying(200) NOT NULL,
    description character varying(2000) NOT NULL,
    category character varying(50) NOT NULL,
    priority character varying(30) NOT NULL,
    status character varying(30) NOT NULL,
    property_id uuid NOT NULL,
    reported_by_id uuid NOT NULL,
    reported_at timestamp with time zone NOT NULL,
    resolved_at timestamp with time zone,
    photos text NOT NULL
);


ALTER TABLE public.issues OWNER TO postgres;

--
-- Name: landlord_servicemen; Type: TABLE; Schema: public; Owner: postgres
--

CREATE TABLE public.landlord_servicemen (
    landlord_id uuid NOT NULL,
    serviceman_id uuid NOT NULL,
    assigned_at timestamp with time zone NOT NULL
);


ALTER TABLE public.landlord_servicemen OWNER TO postgres;

--
-- Name: messages; Type: TABLE; Schema: public; Owner: postgres
--

CREATE TABLE public.messages (
    id uuid NOT NULL,
    sender_id uuid NOT NULL,
    receiver_id uuid NOT NULL,
    content character varying(2000) NOT NULL,
    is_read boolean NOT NULL,
    sent_at timestamp with time zone NOT NULL
);


ALTER TABLE public.messages OWNER TO postgres;

--
-- Name: properties; Type: TABLE; Schema: public; Owner: postgres
--

CREATE TABLE public.properties (
    id uuid NOT NULL,
    address character varying(200) NOT NULL,
    city character varying(100) NOT NULL,
    postal_code character varying(10) NOT NULL,
    rooms_count integer NOT NULL,
    area numeric NOT NULL,
    owner_id uuid NOT NULL,
    created_at timestamp with time zone NOT NULL
);


ALTER TABLE public.properties OWNER TO postgres;

--
-- Name: property_tenants; Type: TABLE; Schema: public; Owner: postgres
--

CREATE TABLE public.property_tenants (
    property_id uuid NOT NULL,
    tenant_id uuid NOT NULL,
    start_date timestamp with time zone NOT NULL,
    end_date timestamp with time zone
);


ALTER TABLE public.property_tenants OWNER TO postgres;

--
-- Name: refresh_tokens; Type: TABLE; Schema: public; Owner: postgres
--

CREATE TABLE public.refresh_tokens (
    id uuid NOT NULL,
    user_id uuid NOT NULL,
    token character varying(500) NOT NULL,
    expires_at timestamp with time zone NOT NULL,
    created_at timestamp with time zone NOT NULL,
    is_revoked boolean NOT NULL
);


ALTER TABLE public.refresh_tokens OWNER TO postgres;

--
-- Data for Name: __EFMigrationsHistory; Type: TABLE DATA; Schema: public; Owner: postgres
--

COPY public."__EFMigrationsHistory" ("MigrationId", "ProductVersion") FROM stdin;
20251202214519_InitialCreate	7.0.11
20251202220443_IdentityMigration	9.0.0
20251204201336_NewRoleSystemWithCommentsMessages	9.0.0
\.


--
-- Data for Name: asp_net_role_claims; Type: TABLE DATA; Schema: public; Owner: postgres
--

COPY public.asp_net_role_claims (id, role_id, claim_type, claim_value) FROM stdin;
\.


--
-- Data for Name: asp_net_roles; Type: TABLE DATA; Schema: public; Owner: postgres
--

COPY public.asp_net_roles (id, name, normalized_name, concurrency_stamp) FROM stdin;
22222222-2222-2222-2222-222222222222	Administrator	ADMINISTRATOR	f551e34b-1862-4d15-8ef3-c784ff196e47
22222222-2222-2222-2222-222222222224	Najemca	NAJEMCA	c3ce5e77-d0d2-452c-a5e7-e295ff78fc28
019aeb19-edea-7f74-8754-98a69d83b09d	Wlasciciel	WLASCICIEL	\N
019aeb19-ee1e-7174-878a-ab0e778b91e9	Serwisant	SERWISANT	\N
\.


--
-- Data for Name: asp_net_user_claims; Type: TABLE DATA; Schema: public; Owner: postgres
--

COPY public.asp_net_user_claims (id, user_id, claim_type, claim_value) FROM stdin;
\.


--
-- Data for Name: asp_net_user_logins; Type: TABLE DATA; Schema: public; Owner: postgres
--

COPY public.asp_net_user_logins (login_provider, provider_key, provider_display_name, user_id) FROM stdin;
\.


--
-- Data for Name: asp_net_user_roles; Type: TABLE DATA; Schema: public; Owner: postgres
--

COPY public.asp_net_user_roles (user_id, role_id) FROM stdin;
11111111-1111-1111-1111-111111111111	22222222-2222-2222-2222-222222222222
e1adc2c8-669f-4caf-97de-9465ecd450e3	22222222-2222-2222-2222-222222222224
d232f3b0-bad0-4b74-b4d6-4cac45001845	22222222-2222-2222-2222-222222222224
fac6d16c-537a-4c29-af9f-9139daf18d09	22222222-2222-2222-2222-222222222224
e3c24c2f-cf1d-41f1-888b-3ac03b5f5869	22222222-2222-2222-2222-222222222224
23d035c4-9878-4504-a855-87ba95898b26	019aeb19-edea-7f74-8754-98a69d83b09d
5e256168-b4e0-4480-a75f-41edab637b77	22222222-2222-2222-2222-222222222224
011d8eb5-057a-4ecd-8fda-7200f38676be	019aeb19-edea-7f74-8754-98a69d83b09d
fccb541e-c12c-40a5-88e3-9e76f1ad1ff1	22222222-2222-2222-2222-222222222224
a74d27ac-d3ec-4160-92f3-94c953bb5aed	22222222-2222-2222-2222-222222222224
e3fb82a0-8242-4dbf-b68b-83e1573fd43b	22222222-2222-2222-2222-222222222224
b9959041-c1ca-44db-9ca0-2202517c5d7c	22222222-2222-2222-2222-222222222224
df125186-18ea-48d3-a4d2-969ea8986890	019aeb19-ee1e-7174-878a-ab0e778b91e9
9fda32e9-97dc-4ecf-92e9-19945e4fd53d	019aeb19-edea-7f74-8754-98a69d83b09d
\.


--
-- Data for Name: asp_net_user_tokens; Type: TABLE DATA; Schema: public; Owner: postgres
--

COPY public.asp_net_user_tokens (user_id, login_provider, name, value) FROM stdin;
\.


--
-- Data for Name: asp_net_users; Type: TABLE DATA; Schema: public; Owner: postgres
--

COPY public.asp_net_users (id, email, password_hash, first_name, last_name, phone_number, created_at, updated_at, access_failed_count, concurrency_stamp, email_confirmed, lockout_enabled, lockout_end, normalized_email, normalized_user_name, phone_number_confirmed, security_stamp, two_factor_enabled, user_name, created_by_landlord_id) FROM stdin;
de834e08-cb31-44fe-b2ea-99e84bce075a	wegrzyn.piotr98@gmail.com	VN5/YG8lI8uo76wXP6tC+39Z1Wzv+XTI/bc0LPLP40U=	Piotr	Węgrzyn	\N	2025-12-02 22:46:29.993204+01	\N	0	\N	f	f	\N	\N	\N	f	\N	f	\N	\N
8e04a21c-e3f1-4712-a5a7-8392b7b6d836	piotreg8@gmail.com	$2a$12$d4s6qaCQLq6zkMpVUEOmBOv/wdi2PJnBZArfQtYWTKJjJUMBacG.6	Piotr	Węgrzyn	\N	2025-12-02 22:53:53.98093+01	\N	0	\N	f	f	\N	\N	\N	f	\N	f	\N	\N
11111111-1111-1111-1111-111111111111	admin@mieszkania.pl	AQAAAAIAAYagAAAAEHGvN8K+xWLZRfJQ5Y8tVHCmYxZKzF2Xz9p0qVvLnN1jDZ8WxM7eK5rY3wT4uN6qWg==	Administrator	Systemu	\N	2025-12-02 23:12:23.561539+01	\N	0	2103be3a-b23f-49e2-9176-66df796f2d5f	t	t	\N	ADMIN@MIESZKANIA.PL	ADMIN@MIESZKANIA.PL	f	49f19504-eada-4e5c-b83a-bcc666f82f8d	f	admin@mieszkania.pl	\N
e1adc2c8-669f-4caf-97de-9465ecd450e3	wegrzyn.piotr98@gmail.com	AQAAAAIAAYagAAAAEAmzdAQaIH7t7j3DPjlN/rEeH/hdC3GQsacsr6bbWhnG2SoXQzfGXD6kuXR25VGt5Q==	Piotr	Węgrzyn	\N	2025-12-02 23:14:54.356432+01	\N	0	01858410-2e76-4ef1-b71d-fc26dda6df2b	f	t	\N	WEGRZYN.PIOTR98@GMAIL.COM	WEGRZYN.PIOTR98@GMAIL.COM	f	EXDS2TBEWZN53EWUV3GVOI6AHQ4A4C4I	f	wegrzyn.piotr98@gmail.com	\N
d232f3b0-bad0-4b74-b4d6-4cac45001845	piotreg8@gmail.com	AQAAAAIAAYagAAAAECGb79QdsIsTM5LR+aiVKdCcS5FyM42UN0xCUmBbVJNDicSFFlHm/7m9x/+/X2cOWw==	Piotr	Węgrzyn	\N	2025-12-02 23:16:38.519749+01	\N	0	19631222-e0d3-42a3-a50f-8eebe7f82ab3	f	t	\N	PIOTREG8@GMAIL.COM	PIOTREG8@GMAIL.COM	f	YQCAEZQLVH5VUZW7G5XBUOVFV2ODHPRZ	f	piotreg8@gmail.com	\N
fac6d16c-537a-4c29-af9f-9139daf18d09	piotreg2@gmail.com	AQAAAAIAAYagAAAAEDlVQt5fcqZp6CV5eWJsbNhw4frnfOqx0LG8xeVbf43vft7ljYSNbfLqYmT36ehgfg==	Piotr	Węgrzyn	\N	2025-12-02 23:54:09.496583+01	\N	0	fd45528d-addc-4b35-89d8-2e01095f699f	f	t	\N	PIOTREG2@GMAIL.COM	PIOTREG2@GMAIL.COM	f	UIQEONVVTT5BMO3J74TOTGY7ATNC3FWT	f	piotreg2@gmail.com	\N
e3c24c2f-cf1d-41f1-888b-3ac03b5f5869	wegrzyn.piotr95@gmail.com	AQAAAAIAAYagAAAAELUoIag3a7jw47l3gvvHlXcmTcyami0RPRtCtzR9AMk625rNN/zxAR5Pr6CCM0v7tg==	Piotr	Węgrzyn	\N	2025-12-04 21:26:18.658164+01	\N	0	83b6a5c8-ad95-43dd-8e3e-a890bcf66354	f	t	\N	WEGRZYN.PIOTR95@GMAIL.COM	WEGRZYN.PIOTR95@GMAIL.COM	f	55MFOFSUF6PDZPAJOEJEYRAW7M4N32SZ	f	wegrzyn.piotr95@gmail.com	\N
7ba3486c-23e7-4cee-98cd-ba22bf8b33c1	wegrzyn.piotr92@gmail.com	AQAAAAIAAYagAAAAEC6Aad8Z4dYYg5CxEQ7rF1mMG3YBEhbgbXS8qGAOMl0fzn3OHHzwXz2KPai92Hc4zw==	Piotr	Węgrzyn	\N	2025-12-04 21:37:43.568208+01	\N	0	28c73f1f-5a29-471a-8a3d-e887245d74b8	f	t	\N	WEGRZYN.PIOTR92@GMAIL.COM	WEGRZYN.PIOTR92@GMAIL.COM	f	DWUM2BAU6LKJPSV2MEG7XA5PBUHUUQ6T	f	wegrzyn.piotr92@gmail.com	\N
de3595ea-5879-41f9-84b5-52db9fd87c75	wegrzyn.piotr91@gmail.com	AQAAAAIAAYagAAAAEOwykeDovxe5YhaMAnWxU+zvWX+D2RV4JjIDK7gQWX5LD+a6IIwcxRT8atw/X05Vxg==	Piotr	Węgrzyn	\N	2025-12-04 21:40:50.666878+01	\N	0	f4016eaa-1631-4c4a-b78a-3892c3039e02	f	t	\N	WEGRZYN.PIOTR91@GMAIL.COM	WEGRZYN.PIOTR91@GMAIL.COM	f	B4ANW64BKQYS2KXJUKVP4OXD6VFDUZFP	f	wegrzyn.piotr91@gmail.com	\N
23d035c4-9878-4504-a855-87ba95898b26	wegrzyn.piotr90@gmail.com	AQAAAAIAAYagAAAAEMD574dkvEUSNNaXMQG5GU8a4yxHM0rmwp4wYz4d8VndmA8MT8611D5IWx8H846zkQ==	Piotr	Węgrzyn	\N	2025-12-04 21:43:34.800384+01	\N	0	432dad3f-b1aa-47ce-9ab7-5b380f2a990c	f	t	\N	WEGRZYN.PIOTR90@GMAIL.COM	WEGRZYN.PIOTR90@GMAIL.COM	f	VNRKX4VTWF3ETMOXSGDAULHTHA3VQBLD	f	wegrzyn.piotr90@gmail.com	\N
5e256168-b4e0-4480-a75f-41edab637b77	wegrzyn.piotr9dsadasd@gmail.com	AQAAAAIAAYagAAAAEGeIAuKEavxbZRK33sUGCAxHMgjGgsxry+wft099GRhU8PGqB6sNlnbrRZPxPYmv8g==	dsa	dsa	\N	2025-12-04 21:54:54.181822+01	\N	0	70696421-f761-4221-aa8b-6abfe15dedf6	t	t	\N	WEGRZYN.PIOTR9DSADASD@GMAIL.COM	WEGRZYN.PIOTR9DSADASD@GMAIL.COM	f	5GC5OJXSXTBFT3FDG6WRKNF7M2G5PSZT	f	wegrzyn.piotr9dsadasd@gmail.com	23d035c4-9878-4504-a855-87ba95898b26
011d8eb5-057a-4ecd-8fda-7200f38676be	a@a.a	AQAAAAIAAYagAAAAEKp/qFZO0pzJXu/rBk8DJsjUV5pL/DBl9jhxAejeSfpHfu+jG6F9C9e3snUMo41LKg==	a	a	\N	2025-12-04 22:21:03.63701+01	\N	0	89f2ca22-eeb8-437d-9dad-116329cc82c3	f	t	\N	A@A.A	A@A.A	f	WUWDBHJ3ZBLD3IH5FCFDUXOCSWKYLILF	f	a@a.a	\N
fccb541e-c12c-40a5-88e3-9e76f1ad1ff1	a@a.aaa	AQAAAAIAAYagAAAAEMg/lCwF2vrlgQ2IbTlCCUtHo0nR69msADdMjggyrgXhxMMJnUIHhQlYnTPWKdzAYQ==	chuj	chuj	\N	2025-12-04 22:25:49.993049+01	\N	0	a407bc9a-aaa4-48e4-9e0e-420ce9b33ed9	t	t	\N	A@A.AAA	A@A.AAA	f	BAXHO5XITZIHXEIGP6SO4BPGILGANJEL	f	a@a.aaa	011d8eb5-057a-4ecd-8fda-7200f38676be
a74d27ac-d3ec-4160-92f3-94c953bb5aed	a@a.aa	AQAAAAIAAYagAAAAEMVze/m7iiexTYWiv9hERDeJaAgn8z6iCcIUDw4TsUKUa/kw8LJVimOgqCYdPTUD6g==	adrian	dupsko	\N	2025-12-04 22:47:31.974083+01	\N	0	a7f34bd4-eba6-4a47-8cea-077bb0613255	t	t	\N	A@A.AA	A@A.AA	f	ZU6WM2EQR4CWDPAOH7XWQ3TKRNTEQVBQ	f	a@a.aa	011d8eb5-057a-4ecd-8fda-7200f38676be
e3fb82a0-8242-4dbf-b68b-83e1573fd43b	xd@xd.xd	AQAAAAIAAYagAAAAEM3+czNuYodIlDioajd6Fn1xlDITBtV+V8FxzpZeIoeUHV/72sLksNYVw0gKkAO05g==	pawel	pawel	\N	2025-12-04 22:53:34.364788+01	\N	0	a61664ff-de6c-45c2-b67e-ca5494b204ea	t	t	\N	XD@XD.XD	XD@XD.XD	f	RTMJ5DYXR7IMNWYKFEN2PO3F7USCKXJ3	f	xd@xd.xd	011d8eb5-057a-4ecd-8fda-7200f38676be
b9959041-c1ca-44db-9ca0-2202517c5d7c	piotr@x.x	AQAAAAIAAYagAAAAEKaS7x1E1dR9/JR5r2zxspxmKQgcJkgxwDKu2rLTGITKe9Ehxw09+L19HSK9emaV+w==	piotr	lwg	\N	2025-12-04 22:55:12.683041+01	\N	0	2932f188-b359-4577-8ecd-6992bad8a613	t	t	\N	PIOTR@X.X	PIOTR@X.X	f	7DOYFCMWVHHFUNLRJFLFDJYPJX2H6VKU	f	piotr@x.x	011d8eb5-057a-4ecd-8fda-7200f38676be
df125186-18ea-48d3-a4d2-969ea8986890	piotr@x.xx	AQAAAAIAAYagAAAAEELA1sqd1twHVBUUnEAXbgd/YHazQqyZK37EDmLgoqURpsdHCozV0Ab8J9Qp9F6bqA==	piotr	serwisant	\N	2025-12-04 22:57:50.521781+01	\N	0	60056d8f-95fd-4e9c-90cf-5066de04ab5b	t	t	\N	PIOTR@X.XX	PIOTR@X.XX	f	43OYKYUDJEI2YVNIXNSLBUAP4YQUQNKA	f	piotr@x.xx	011d8eb5-057a-4ecd-8fda-7200f38676be
9fda32e9-97dc-4ecf-92e9-19945e4fd53d	admin@rvdy.pl	AQAAAAIAAYagAAAAEMI9EPE+Ozy7LnAyAdZdNnqmpysA6IfLweCtoed0+13rdYwUDA2DAyLf2mLuz/qjjA==	Jakub	Węgrzyn	\N	2025-12-04 23:25:22.660423+01	\N	0	91fe1b00-0217-4cb9-92a0-38bba60ed86f	f	t	\N	ADMIN@RVDY.PL	ADMIN@RVDY.PL	f	6NPVTK7KPDLS72VC4YTDT74OBYJHLUMX	f	admin@rvdy.pl	\N
\.


--
-- Data for Name: issue_comments; Type: TABLE DATA; Schema: public; Owner: postgres
--

COPY public.issue_comments (id, issue_id, author_id, content, created_at, updated_at) FROM stdin;
125825cf-d7dc-4e49-8ee7-afee30016145	093c9c89-a808-4807-ac0f-88b8cf1eef5a	e1adc2c8-669f-4caf-97de-9465ecd450e3	Test	2025-12-04 22:16:19.076997+01	\N
d61a5408-27be-42e7-a11c-fa37674fe645	fd16d516-b045-4c79-bda2-1c23099506e4	011d8eb5-057a-4ecd-8fda-7200f38676be	hjgjhg	2025-12-04 23:27:48.692846+01	\N
83545e0c-6123-41e3-b449-0cd494323046	fd16d516-b045-4c79-bda2-1c23099506e4	df125186-18ea-48d3-a4d2-969ea8986890	chjuj	2025-12-04 23:42:28.970347+01	\N
c07e8eab-329f-4909-9fd5-0079ce4139a0	2d451d58-e845-497f-9932-af9e51ac470c	011d8eb5-057a-4ecd-8fda-7200f38676be	Status zmieniony z "Przypisane" na "Oczekuje na części"	2025-12-05 00:05:55.928061+01	\N
15077db1-eb35-4963-8ffa-e237895a023c	2d451d58-e845-497f-9932-af9e51ac470c	011d8eb5-057a-4ecd-8fda-7200f38676be	Status zmieniony z "Oczekuje na części" na "W trakcie"	2025-12-05 00:09:32.633039+01	\N
40dd36f6-92a7-43ca-b7ab-494eedae35ba	38a3765f-1994-4298-8a8b-24d2110339f3	011d8eb5-057a-4ecd-8fda-7200f38676be	Status zmieniony z "Przypisane" na "W trakcie"	2025-12-05 00:35:55.189184+01	\N
\.


--
-- Data for Name: issue_servicemen; Type: TABLE DATA; Schema: public; Owner: postgres
--

COPY public.issue_servicemen (issue_id, serviceman_id, assigned_at) FROM stdin;
fd16d516-b045-4c79-bda2-1c23099506e4	df125186-18ea-48d3-a4d2-969ea8986890	2025-12-04 23:29:39.877331+01
2d451d58-e845-497f-9932-af9e51ac470c	df125186-18ea-48d3-a4d2-969ea8986890	2025-12-04 23:59:02.231857+01
38a3765f-1994-4298-8a8b-24d2110339f3	df125186-18ea-48d3-a4d2-969ea8986890	2025-12-05 00:17:55.301141+01
\.


--
-- Data for Name: issues; Type: TABLE DATA; Schema: public; Owner: postgres
--

COPY public.issues (id, title, description, category, priority, status, property_id, reported_by_id, reported_at, resolved_at, photos) FROM stdin;
093c9c89-a808-4807-ac0f-88b8cf1eef5a	dsa	dsa	Elektryka	Średnia	Nowe	33333333-3333-3333-3333-333333333333	e1adc2c8-669f-4caf-97de-9465ecd450e3	2025-12-02 23:15:18.960489+01	\N	http://localhost:5162/uploads/cfcf68a0-8406-458f-b30b-0673ebb89b5f.jpg
d89fb43d-6abc-4a01-81c9-b16c9a4091ae	ghf	hgf	Inne	Średnia	Nowe	33333333-3333-3333-3333-333333333331	011d8eb5-057a-4ecd-8fda-7200f38676be	2025-12-04 22:21:37.722628+01	\N	http://193.106.130.55:5162/uploads/8f2d992f-deb3-49f6-9542-317acf48d0ab.png
fd16d516-b045-4c79-bda2-1c23099506e4	cxvgcx	cvxvcxvc	Inne	Średnia	Rozwiązane	21583de6-2ed3-4ff1-b9d5-d9529dca6e8d	a74d27ac-d3ec-4160-92f3-94c953bb5aed	2025-12-04 23:00:47.729471+01	2025-12-04 23:42:52.731532+01	http://193.106.130.55:5162/uploads/0ca21f48-4c2e-4a46-aaaf-6d85b15b6f66.PNG
2d451d58-e845-497f-9932-af9e51ac470c	hghghghg	hghg	Inne	Średnia	W trakcie	3809029d-5654-4957-a88a-a281884d4871	011d8eb5-057a-4ecd-8fda-7200f38676be	2025-12-04 23:33:03.60607+01	\N	http://193.106.130.55:5162/uploads/3abb597e-ee90-4f95-badc-cfdf6c001336.PNG,http://193.106.130.55:5162/uploads/567b4a5f-b429-4101-9ec0-cb3d42fde99f.PNG
38a3765f-1994-4298-8a8b-24d2110339f3	jh	jhg	Inne	Średnia	W trakcie	21583de6-2ed3-4ff1-b9d5-d9529dca6e8d	011d8eb5-057a-4ecd-8fda-7200f38676be	2025-12-05 00:17:51.465637+01	\N	http://193.106.130.55:5162/uploads/a1bbf340-e9d8-43c5-af29-fa8f5f7fdf17.png
\.


--
-- Data for Name: landlord_servicemen; Type: TABLE DATA; Schema: public; Owner: postgres
--

COPY public.landlord_servicemen (landlord_id, serviceman_id, assigned_at) FROM stdin;
011d8eb5-057a-4ecd-8fda-7200f38676be	df125186-18ea-48d3-a4d2-969ea8986890	2025-12-04 22:57:50.562515+01
\.


--
-- Data for Name: messages; Type: TABLE DATA; Schema: public; Owner: postgres
--

COPY public.messages (id, sender_id, receiver_id, content, is_read, sent_at) FROM stdin;
a0f31ef6-ed9a-41ab-9024-ae17b6692689	a74d27ac-d3ec-4160-92f3-94c953bb5aed	011d8eb5-057a-4ecd-8fda-7200f38676be	xD	t	2025-12-04 22:51:58.522274+01
a1780212-2b4d-42f1-8cb0-92acf1b668f9	e3fb82a0-8242-4dbf-b68b-83e1573fd43b	011d8eb5-057a-4ecd-8fda-7200f38676be	XDDDD	t	2025-12-04 22:54:10.05319+01
f17e0897-892d-47b5-93c1-097ee4773cb2	011d8eb5-057a-4ecd-8fda-7200f38676be	e3fb82a0-8242-4dbf-b68b-83e1573fd43b	JDXHGDJHG	t	2025-12-04 22:54:23.433947+01
883c805a-ec1f-40e9-a881-27bf7884e3b9	b9959041-c1ca-44db-9ca0-2202517c5d7c	011d8eb5-057a-4ecd-8fda-7200f38676be	Test	t	2025-12-04 22:57:58.061362+01
432a51a3-7d30-462d-b066-8c45d13ce076	b9959041-c1ca-44db-9ca0-2202517c5d7c	011d8eb5-057a-4ecd-8fda-7200f38676be	T2	t	2025-12-04 22:58:10.068072+01
3edec7bc-19e4-474e-9360-7fc5b7f8f284	b9959041-c1ca-44db-9ca0-2202517c5d7c	011d8eb5-057a-4ecd-8fda-7200f38676be	Ds	t	2025-12-04 22:58:28.987827+01
04100f5b-f6f1-4d54-96df-0958e07197b1	011d8eb5-057a-4ecd-8fda-7200f38676be	b9959041-c1ca-44db-9ca0-2202517c5d7c	xd	t	2025-12-04 23:12:53.188428+01
efe97288-4964-4b81-b622-053ed892269b	b9959041-c1ca-44db-9ca0-2202517c5d7c	011d8eb5-057a-4ecd-8fda-7200f38676be	Ty	t	2025-12-04 23:13:09.378785+01
1f47d59b-94c7-493b-9593-d1eafecac054	011d8eb5-057a-4ecd-8fda-7200f38676be	b9959041-c1ca-44db-9ca0-2202517c5d7c	xd	t	2025-12-04 23:13:08.656369+01
038a105c-d202-4953-a838-a1554e5e0328	011d8eb5-057a-4ecd-8fda-7200f38676be	b9959041-c1ca-44db-9ca0-2202517c5d7c	.,.,	t	2025-12-04 23:13:14.603899+01
049eae87-08ef-4b7f-99ea-71d19df7fd59	011d8eb5-057a-4ecd-8fda-7200f38676be	b9959041-c1ca-44db-9ca0-2202517c5d7c	.,	t	2025-12-04 23:13:15.851679+01
b1f79907-2cf8-45be-9665-00d01952a738	b9959041-c1ca-44db-9ca0-2202517c5d7c	011d8eb5-057a-4ecd-8fda-7200f38676be	Test	t	2025-12-04 23:16:16.359409+01
aa0ff02a-50cd-4203-8a1a-1fb7047aba94	b9959041-c1ca-44db-9ca0-2202517c5d7c	011d8eb5-057a-4ecd-8fda-7200f38676be	Ghg	t	2025-12-04 23:16:48.107472+01
8c7ebdce-9a47-4dcc-a354-1ac5b2bc18cf	011d8eb5-057a-4ecd-8fda-7200f38676be	b9959041-c1ca-44db-9ca0-2202517c5d7c	nlk	t	2025-12-04 23:15:58.689416+01
2bb859a5-1592-43b7-8256-fe2c0bb9a055	011d8eb5-057a-4ecd-8fda-7200f38676be	b9959041-c1ca-44db-9ca0-2202517c5d7c	lk	t	2025-12-04 23:16:24.196305+01
22b29a62-673b-4f9e-92e2-01a2d2a77359	011d8eb5-057a-4ecd-8fda-7200f38676be	b9959041-c1ca-44db-9ca0-2202517c5d7c	xd	t	2025-12-04 23:17:02.418787+01
698e983d-087b-4c63-8805-c6173eae36eb	011d8eb5-057a-4ecd-8fda-7200f38676be	b9959041-c1ca-44db-9ca0-2202517c5d7c	jk	t	2025-12-04 23:17:53.45607+01
6763ce31-1d02-4f92-9cc4-d62204e1c88f	011d8eb5-057a-4ecd-8fda-7200f38676be	b9959041-c1ca-44db-9ca0-2202517c5d7c	kjh	t	2025-12-04 23:18:26.71865+01
9bf8e810-8aa9-4ccc-a77e-161f22682b6e	011d8eb5-057a-4ecd-8fda-7200f38676be	b9959041-c1ca-44db-9ca0-2202517c5d7c	jkn	t	2025-12-04 23:18:32.80301+01
4a91b566-6257-4c89-9b94-2ec088b72122	011d8eb5-057a-4ecd-8fda-7200f38676be	b9959041-c1ca-44db-9ca0-2202517c5d7c	kj	t	2025-12-04 23:18:33.863066+01
86033fd2-3f84-4cea-ac77-b15697a0c3db	011d8eb5-057a-4ecd-8fda-7200f38676be	b9959041-c1ca-44db-9ca0-2202517c5d7c	lkjlkj	t	2025-12-04 23:18:35.207723+01
92677e4b-1c55-4b89-8c40-71728a9efbcb	011d8eb5-057a-4ecd-8fda-7200f38676be	b9959041-c1ca-44db-9ca0-2202517c5d7c	xcdsf	t	2025-12-04 23:18:42.096177+01
afd6f5ac-90fa-4388-be92-a0cf565176d8	b9959041-c1ca-44db-9ca0-2202517c5d7c	011d8eb5-057a-4ecd-8fda-7200f38676be	Dziala	t	2025-12-04 23:18:46.984228+01
771196ba-f46d-4bed-9a5c-ef2df920eda6	b9959041-c1ca-44db-9ca0-2202517c5d7c	011d8eb5-057a-4ecd-8fda-7200f38676be	Xd	t	2025-12-04 23:18:55.642988+01
604ecfd5-7283-4f10-bf78-673464c16eb6	b9959041-c1ca-44db-9ca0-2202517c5d7c	011d8eb5-057a-4ecd-8fda-7200f38676be	Test	t	2025-12-04 23:19:00.854969+01
04ace479-7baa-411e-92c6-1caa3a779213	b9959041-c1ca-44db-9ca0-2202517c5d7c	011d8eb5-057a-4ecd-8fda-7200f38676be	Test	t	2025-12-04 23:21:37.724082+01
55b7a9e5-626a-4be8-beec-f0448f56cc80	b9959041-c1ca-44db-9ca0-2202517c5d7c	011d8eb5-057a-4ecd-8fda-7200f38676be	Test	t	2025-12-04 23:25:01.029073+01
b64303db-0d7a-4256-8f7e-037f1ba7bcc9	b9959041-c1ca-44db-9ca0-2202517c5d7c	011d8eb5-057a-4ecd-8fda-7200f38676be	Gg	t	2025-12-04 23:26:14.241694+01
5f6902fa-9dc9-4b49-8040-a917fe60ddf7	011d8eb5-057a-4ecd-8fda-7200f38676be	b9959041-c1ca-44db-9ca0-2202517c5d7c	nbvbnv	t	2025-12-04 23:26:18.715499+01
7d7da5a4-7807-49fc-8edb-2a4971a5d5cc	011d8eb5-057a-4ecd-8fda-7200f38676be	b9959041-c1ca-44db-9ca0-2202517c5d7c	ukjhjk	t	2025-12-04 23:26:30.219434+01
8a6b6ffb-0204-41ed-9930-5ab9a5241330	011d8eb5-057a-4ecd-8fda-7200f38676be	b9959041-c1ca-44db-9ca0-2202517c5d7c	m,nm,n	t	2025-12-04 23:26:43.604298+01
dde19340-9914-41e2-8860-3377a81751ee	011d8eb5-057a-4ecd-8fda-7200f38676be	b9959041-c1ca-44db-9ca0-2202517c5d7c	jkhjkh	t	2025-12-04 23:26:46.158401+01
f9470a31-b355-4537-8251-7e8b2d78530d	011d8eb5-057a-4ecd-8fda-7200f38676be	b9959041-c1ca-44db-9ca0-2202517c5d7c	jkh	t	2025-12-04 23:26:47.455763+01
c1312faf-7408-4661-8b96-9fd08d219fb9	011d8eb5-057a-4ecd-8fda-7200f38676be	b9959041-c1ca-44db-9ca0-2202517c5d7c	jkhkjh	t	2025-12-04 23:26:48.553786+01
04ff183a-14ef-4a0f-9a93-0a9ae32ed161	011d8eb5-057a-4ecd-8fda-7200f38676be	b9959041-c1ca-44db-9ca0-2202517c5d7c	kjhkjh	t	2025-12-04 23:26:49.530085+01
e20a8fa3-adfe-447c-8720-f895e3135f0b	b9959041-c1ca-44db-9ca0-2202517c5d7c	011d8eb5-057a-4ecd-8fda-7200f38676be	🌲🌲	t	2025-12-04 23:27:23.67482+01
6f3b1470-9319-4679-9e22-c793ce7eb5c2	a74d27ac-d3ec-4160-92f3-94c953bb5aed	df125186-18ea-48d3-a4d2-969ea8986890	elo bede dopero o 15	f	2025-12-05 00:51:59.417196+01
dc9861ad-72f4-4844-98b8-8df61c451251	011d8eb5-057a-4ecd-8fda-7200f38676be	a74d27ac-d3ec-4160-92f3-94c953bb5aed	xDDDDDDDDDDDD	t	2025-12-04 22:52:15.262749+01
d1279e6b-ae64-4a7f-b1b7-f90a0ae7f252	a74d27ac-d3ec-4160-92f3-94c953bb5aed	df125186-18ea-48d3-a4d2-969ea8986890	przyjdz po 15	f	2025-12-05 00:52:13.471609+01
\.


--
-- Data for Name: properties; Type: TABLE DATA; Schema: public; Owner: postgres
--

COPY public.properties (id, address, city, postal_code, rooms_count, area, owner_id, created_at) FROM stdin;
33333333-3333-3333-3333-333333333331	ul. GĹ‚Ăłwna 15/23	Warszawa	00-001	3	65.5	11111111-1111-1111-1111-111111111111	2025-12-02 23:12:23.573616+01
33333333-3333-3333-3333-333333333332	ul. Kwiatowa 8/12	KrakĂłw	30-002	2	45.0	11111111-1111-1111-1111-111111111111	2025-12-02 23:12:23.573616+01
33333333-3333-3333-3333-333333333333	ul. PiÄ™kna 20/5	GdaĹ„sk	80-003	4	85.3	11111111-1111-1111-1111-111111111111	2025-12-02 23:12:23.573616+01
33333333-3333-3333-3333-333333333334	ul. SĹ‚oneczna 42/1	WrocĹ‚aw	50-004	2	50.0	11111111-1111-1111-1111-111111111111	2025-12-02 23:12:23.573616+01
33333333-3333-3333-3333-333333333335	ul. Zielona 7/18	PoznaĹ„	60-005	3	72.8	11111111-1111-1111-1111-111111111111	2025-12-02 23:12:23.573616+01
3809029d-5654-4957-a88a-a281884d4871	ashgf	hgf	hgf	0	0	011d8eb5-057a-4ecd-8fda-7200f38676be	2025-12-04 22:36:22.663932+01
570d82ff-7859-42b3-a647-82eba10b53f4	dkjfhs	dupa	32-200	2	43	011d8eb5-057a-4ecd-8fda-7200f38676be	2025-12-04 22:36:40.449538+01
17ed9fe0-efa9-480e-8797-98fb49ba7c41	vbcx	vcx	vcx	0	0	011d8eb5-057a-4ecd-8fda-7200f38676be	2025-12-04 22:37:04.072477+01
21583de6-2ed3-4ff1-b9d5-d9529dca6e8d	1234	dupa	XDD	1	2	011d8eb5-057a-4ecd-8fda-7200f38676be	2025-12-04 22:53:03.200975+01
\.


--
-- Data for Name: property_tenants; Type: TABLE DATA; Schema: public; Owner: postgres
--

COPY public.property_tenants (property_id, tenant_id, start_date, end_date) FROM stdin;
17ed9fe0-efa9-480e-8797-98fb49ba7c41	fccb541e-c12c-40a5-88e3-9e76f1ad1ff1	2025-12-04 01:00:00+01	\N
3809029d-5654-4957-a88a-a281884d4871	fccb541e-c12c-40a5-88e3-9e76f1ad1ff1	2025-12-04 01:00:00+01	\N
3809029d-5654-4957-a88a-a281884d4871	a74d27ac-d3ec-4160-92f3-94c953bb5aed	2025-12-04 01:00:00+01	\N
21583de6-2ed3-4ff1-b9d5-d9529dca6e8d	e3fb82a0-8242-4dbf-b68b-83e1573fd43b	2025-12-04 01:00:00+01	\N
17ed9fe0-efa9-480e-8797-98fb49ba7c41	b9959041-c1ca-44db-9ca0-2202517c5d7c	2025-12-04 01:00:00+01	\N
21583de6-2ed3-4ff1-b9d5-d9529dca6e8d	a74d27ac-d3ec-4160-92f3-94c953bb5aed	2025-12-04 01:00:00+01	\N
\.


--
-- Data for Name: refresh_tokens; Type: TABLE DATA; Schema: public; Owner: postgres
--

COPY public.refresh_tokens (id, user_id, token, expires_at, created_at, is_revoked) FROM stdin;
1c7d916c-a8b8-44d4-b8a8-558aa23fc689	de834e08-cb31-44fe-b2ea-99e84bce075a	MjAGCFn3gcQ5LtqdPMy0/fnk5NCD/QPkoX2e9dIEbzY=	2025-12-09 22:46:33.636455+01	2025-12-02 22:46:33.636482+01	t
1ce326c7-0e27-48ef-9277-aa6040fdd90a	de834e08-cb31-44fe-b2ea-99e84bce075a	BCYAHTyU37o77Vpo20qCC+MQdLvMdfp73HsnOz77GXvaseYH5nHiPQPgbgqlpfOW	2026-01-01 22:53:10.710834+01	2025-12-02 22:53:10.710843+01	f
3b7c75c9-bec9-49b9-9a53-293ef605fe34	8e04a21c-e3f1-4712-a5a7-8392b7b6d836	HkVCSMXRziA1ZUWvbIQOTW6dHRjCyMCvMaoeuq8pMMw0Sh7OsQQS0gD09XABpA75	2026-01-01 22:53:54.169328+01	2025-12-02 22:53:54.169329+01	f
f3b235de-2a8c-45a7-8a03-649b5ca6854a	e1adc2c8-669f-4caf-97de-9465ecd450e3	sQxwKEZpkQIl6RKjE1nlkHGUr7P8fRPboBws7WRZ9XVmBdKDNQUOb2T4mhV2xRQ4	2026-01-01 23:14:55.041909+01	2025-12-02 23:14:55.041919+01	f
22d2db8b-7631-4f8e-a80b-2ea03c16878b	e1adc2c8-669f-4caf-97de-9465ecd450e3	mFpGlVrGs4N0INRvXzOvtKwamkr13xOTUeeTXW09PAKtHOIiF90X74Rb5FgBBHjq	2026-01-01 23:15:00.252046+01	2025-12-02 23:15:00.252046+01	f
c6afb744-249d-4fc6-aa7c-1b5da740ca89	e1adc2c8-669f-4caf-97de-9465ecd450e3	zcFPN/JhkTyAjNXbA+YCon5d2VdGrNARhQ1pMEYjFLWzuNaqYHv8eadzEz56gUcA	2026-01-01 23:16:03.269179+01	2025-12-02 23:16:03.26918+01	f
369c7890-ef99-49eb-b157-0f0af36bc3dc	d232f3b0-bad0-4b74-b4d6-4cac45001845	qMf8KiHpLaoLVOHZa8W0/Ko6JyMKMOPMO/7rkl10z7i6n0doJgyTq1d0SbY0djdp	2026-01-01 23:16:38.606916+01	2025-12-02 23:16:38.606916+01	f
cd1f34c0-57b3-49dd-a934-a1ee411ba471	d232f3b0-bad0-4b74-b4d6-4cac45001845	UBAU7lVRZwQ81/0WOoDuL6N5O4Xn2CTCelpc6M3NEuzkVjx7JoojArvcG97YfhEj	2026-01-01 23:16:45.174168+01	2025-12-02 23:16:45.174168+01	f
a537370a-60ed-4070-9fdf-99749f3cb980	e1adc2c8-669f-4caf-97de-9465ecd450e3	2GwoLrkURz5yGYPcndQ8DIc00pOT+LsCzfIXIzyj8KSxHUDO+IqQ8Ad5xdtIQJqh	2026-01-01 23:16:54.063223+01	2025-12-02 23:16:54.063223+01	f
00f83662-cc8a-4b86-9d93-919e3feac05e	e1adc2c8-669f-4caf-97de-9465ecd450e3	lwitzNJ3IgxuWLbLB63hguy7KWUgu0t1DBwcUP+LrTK/b8U8zxtKgV+xnaoJlyWY	2026-01-01 23:23:39.515805+01	2025-12-02 23:23:39.515815+01	f
ce1603d8-2e39-4aec-9181-9ff0e5758bb5	e1adc2c8-669f-4caf-97de-9465ecd450e3	/HLxa+0CZg/AbYzo71zl9lw93YpKWVOTeleNCdf/rRrL+sKpU4iH6XF86bH0WpyQ	2026-01-01 23:44:59.853435+01	2025-12-02 23:44:59.853449+01	t
21fe6bf9-643a-49e9-abf3-94022a02807b	e1adc2c8-669f-4caf-97de-9465ecd450e3	g0u9s+JFUG0d5jo1fZReoXNUn1Aoam5Z/eayhLMY/CCU9Rc8WmkO+3C9K6JOTZU0	2026-01-01 23:52:27.011674+01	2025-12-02 23:52:27.011674+01	t
993a7e85-f6e7-4c07-be5d-1213087d7422	e1adc2c8-669f-4caf-97de-9465ecd450e3	PLoIXnYHZNLnx5/22KjbWcu8sihzCDrnkWOicZ7GE2NH3Anoahn/914JPWS8zrCA	2026-01-01 23:52:56.05863+01	2025-12-02 23:52:56.05863+01	t
9cf1428d-127a-4712-9662-9396d1d61de6	fac6d16c-537a-4c29-af9f-9139daf18d09	rn3N6uACE2hTJ1rTs0T1clGXfjL7Z1V174pB1X5QM8qf1g656g/o6YK9c/WUsu7H	2026-01-01 23:54:09.604114+01	2025-12-02 23:54:09.604114+01	t
397d23d8-8c6b-4d22-b86a-8c996ef34af0	e1adc2c8-669f-4caf-97de-9465ecd450e3	4E3ciw9fRzJ5NSJWU9dnfxcMOgd/SPB/lI1d5Kf4tH75SoCmEen+llaLosG2Vh3Z	2026-01-01 23:54:22.820588+01	2025-12-02 23:54:22.820588+01	t
3460270a-cd97-4ed3-8009-ffe3337ec0c1	e1adc2c8-669f-4caf-97de-9465ecd450e3	rF1V4XfHVeaAdr/6u4fC/LNByHqEpnxSdOT31fhspb3SO3BRQosMckzw+3+aHMIT	2026-01-01 23:58:48.661802+01	2025-12-02 23:58:48.661816+01	t
86ad63e3-3924-4d7d-8a61-cfb449027bbe	e1adc2c8-669f-4caf-97de-9465ecd450e3	jE8pwNYTROpVdz2oOUfW+V6x/84plxANa+wwNmWrU1tuN1SrXxWTLtbDYeyX+jXQ	2026-01-01 23:58:59.576364+01	2025-12-02 23:58:59.576364+01	t
c94f2601-356a-4eaa-ae69-59d89c7995b9	fac6d16c-537a-4c29-af9f-9139daf18d09	zsVE/Zs9B0YH5DfUzttG80WYW/hQPcJy2CUYxiyITZsg5xbI9ldCCxCbWE6hO+V+	2026-01-01 23:59:13.335756+01	2025-12-02 23:59:13.335757+01	t
4d413ca3-9ed7-4723-b641-a571ce16d5a2	011d8eb5-057a-4ecd-8fda-7200f38676be	PGF+Er+IhVwHbKnYwE4LpJ8zjFwPQPLew8U9saNAtQ9xVDKemKJhZbfV81b5wX0m	2026-01-03 22:36:15.34975+01	2025-12-04 22:36:15.349807+01	t
3c15759d-1f37-48ec-a728-306397dc4752	e1adc2c8-669f-4caf-97de-9465ecd450e3	yU/8hav5WWf12WQ0HArxZyjHg06BbfeUyxPVlPAsCLo7AsxqjYuzhwr0DTEV033u	2026-01-03 21:25:39.620169+01	2025-12-04 21:25:39.620193+01	f
f645fbbc-4b14-4093-bcfa-bb620e34c1d8	e1adc2c8-669f-4caf-97de-9465ecd450e3	cGCp1N9GRBJetr/g3rDO3tTEAc7v0T0TP0NlrW3lnOa+Y8MJPgrsh9Vp0i4gTPjM	2026-01-01 23:59:20.549793+01	2025-12-02 23:59:20.549794+01	t
8e2fe409-220f-4ab7-a628-e621495dac9a	e3c24c2f-cf1d-41f1-888b-3ac03b5f5869	43sG4EHWQfOnzksE/izf0Wchj7JWkqSwK/7zqQjAE8s1zBlOIQXZbdJp4d+eD/zy	2026-01-03 21:26:18.779337+01	2025-12-04 21:26:18.779337+01	t
6094f73d-1ca5-4905-af98-60716d57c809	e1adc2c8-669f-4caf-97de-9465ecd450e3	MBzI9dFJ8QTrRhF/g52R0zsEPlpnifRBjDhlUiPTrge4o3kG4ZpRUU1fFAYA/iPp	2026-01-03 21:37:13.561326+01	2025-12-04 21:37:13.561337+01	t
9cea34ed-0487-445d-b21a-683d2fb4dd03	23d035c4-9878-4504-a855-87ba95898b26	nUI6vgx8hpQOwXiyEOSf52W7a4g8ZdrQFRp1h6+q0bTIf4pKi6IeHxtmH5RsdRMm	2026-01-03 21:43:34.950557+01	2025-12-04 21:43:34.950571+01	t
23cae0c0-df93-4823-936e-3ee9fc607dd4	23d035c4-9878-4504-a855-87ba95898b26	U+0LrBby1WkPgELife8LoonCH/do3DfugJqMsN/m/XEjo7B3QzTjy5eiz4jrC6q5	2026-01-03 21:51:27.529341+01	2025-12-04 21:51:27.529342+01	t
d7a6b803-c6e8-4af6-8d16-20e62dbdad97	e1adc2c8-669f-4caf-97de-9465ecd450e3	q+HTj9M93cr4UheFGS9iy4hZqqMcCAWgMry08eW9BIWIA+fyfVLsjWndCLmKfyIh	2026-01-03 21:54:30.900084+01	2025-12-04 21:54:30.900095+01	t
0338fafa-f4d8-4305-bcde-088b92618652	23d035c4-9878-4504-a855-87ba95898b26	0L0jcxVFXkR9vqrXPgTLz9Cpd2nEFLijhi26LZ+eqLLK9aLWMzW97UoX01We92x2	2026-01-03 21:54:38.890796+01	2025-12-04 21:54:38.890796+01	f
a198b64f-d02f-4307-8474-f9f0e0786495	011d8eb5-057a-4ecd-8fda-7200f38676be	pZhWmGkrW2LgxwZi3G2i21Pjbs+WuoPQJNy/qqLz3VlosrCFItWdOl7ZpMybyfP2	2026-01-03 22:21:03.749557+01	2025-12-04 22:21:03.749557+01	t
bb5f80dd-9df7-47f0-b051-c0d03e70b1d1	011d8eb5-057a-4ecd-8fda-7200f38676be	LLj6S4kxceeEldubz+NDcpHD50clLUrSa7j4pr7U/Ef6obzy6NhRvWWQ7uLrxB7h	2026-01-03 22:32:45.970975+01	2025-12-04 22:32:45.970975+01	t
78bdf5d4-df15-4d49-a0d0-c57152f7aa79	011d8eb5-057a-4ecd-8fda-7200f38676be	2xyvEmaCsRhI9oKuD56muBL1OAApi0lJem63HfcH/1Fw7hCQBqHRixYPuN8HENXt	2026-01-03 22:33:05.699072+01	2025-12-04 22:33:05.699072+01	f
0187e9e6-fdac-4248-b088-c9eeac96574e	a74d27ac-d3ec-4160-92f3-94c953bb5aed	zR4EuFwPOuWw0Z9TmqlOvlRmeuL/dVZGLdctlb1bMHMmoqI9SdTzmGbjeC2f01+K	2026-01-03 22:47:40.422228+01	2025-12-04 22:47:40.422228+01	t
35c23ea0-6ffd-449a-8ac5-f5632dd43e4b	011d8eb5-057a-4ecd-8fda-7200f38676be	g+rKhbjMpPrBfDA5xdBKv89ez1O2ghztS0VjbVdQY284ACzKGwGimGTAG1rKaZWz	2026-01-03 22:47:50.35212+01	2025-12-04 22:47:50.35212+01	t
8f13742a-39df-47d1-b827-1bb452e7971a	a74d27ac-d3ec-4160-92f3-94c953bb5aed	1BzKbteEjVIla8sqxvuwU5MdTz8mc3Bo1t22ny9wq6T58HD+XkIUgkwZwvNkya+5	2026-01-03 22:48:01.491948+01	2025-12-04 22:48:01.491948+01	t
ac893c49-0d42-44ea-b761-10b7c7e98d9d	011d8eb5-057a-4ecd-8fda-7200f38676be	oQ9Nz9fFltFVDr9a4Hmy53xYUps0o+6PI4+EuaI4TzxlJfSCy4vVwv6VYrJ7/ww9	2026-01-03 22:48:12.117267+01	2025-12-04 22:48:12.117267+01	f
63d4910c-fc97-42d9-8115-103e095345ae	011d8eb5-057a-4ecd-8fda-7200f38676be	GG6eT41wS/D79pW5zE92iSwSXMRSkufrzkFX/nIAJXHhfGHyP1YbWmOa28P6jRpn	2026-01-03 22:51:20.086214+01	2025-12-04 22:51:20.086228+01	t
12e60e1a-6b46-4bf5-9bf3-05a34994de98	a74d27ac-d3ec-4160-92f3-94c953bb5aed	0BiAVJgWiXfjCu8sEacMMJiiP3vgp7KzXCg1tpUxTRN2UtnqzQGKeCRwG//IpljV	2026-01-03 22:51:43.186745+01	2025-12-04 22:51:43.186746+01	t
c8fd45aa-aa73-443d-938a-faf147569727	011d8eb5-057a-4ecd-8fda-7200f38676be	d5+kv2rwf1vAQ87zBjH7XLvVr+3BqXgnNuzXT89eTkaO774jdk/F3LZ8h2OfgcLH	2026-01-03 22:52:06.556803+01	2025-12-04 22:52:06.556803+01	t
c56755ae-123a-4e3b-ac18-ecda5f187ee1	011d8eb5-057a-4ecd-8fda-7200f38676be	+FQ8L3Ex4em8qkoKNc208NstQD5zpL2cEQnTLVUdUned9C7NgBaHQsKtfHMlheNe	2026-01-03 22:52:41.582225+01	2025-12-04 22:52:41.582226+01	t
ff43d5cc-2494-4355-8eaa-00d404205069	e3fb82a0-8242-4dbf-b68b-83e1573fd43b	4dHq9/ZKbiGpecz/ovKfn0tzh1h0HkiXXw2EwNL0z98OWvxROopWfNnXRMV4AoZN	2026-01-03 22:53:58.785677+01	2025-12-04 22:53:58.785677+01	t
b168c1f2-c407-4a57-a3e1-9afdebf7d7e8	011d8eb5-057a-4ecd-8fda-7200f38676be	dHlPgciL2+581dMLcGnduKj0cAt6Frw0X/QS/uQlfOFPPDSBsiBYmwBhoM6HVd3W	2026-01-03 22:54:14.881209+01	2025-12-04 22:54:14.881209+01	t
f82f9814-512c-4a2e-8a99-c4c44375e758	e3fb82a0-8242-4dbf-b68b-83e1573fd43b	jcSMQKe8hcxOhFE6udnM26TtuGwWo3ISpV9UAmhopTQmdQmEuS2G6+ZLMAVAlG3y	2026-01-03 22:54:27.96902+01	2025-12-04 22:54:27.969021+01	t
59d87c3d-d75c-4c1a-ba49-613f38a17c97	e1adc2c8-669f-4caf-97de-9465ecd450e3	CibpEtCS4jeeUv16XcJ3Sdj/9CtjWL7uRNYC/Ikkf1loN7HAvea5lcfzJhjWe7h2	2026-01-03 22:15:40.071001+01	2025-12-04 22:15:40.071014+01	t
2b28f8ab-1892-491b-868a-443a5a574e68	011d8eb5-057a-4ecd-8fda-7200f38676be	NbZpihf44ilE9OEt6pKc3BYc6xBk4pT99kKbkrG7Fh5u6BR6c0/bZr60whGLP7nx	2026-01-03 22:54:41.023834+01	2025-12-04 22:54:41.023834+01	t
e27e8780-890e-4ed7-a7bb-866a2c64e641	b9959041-c1ca-44db-9ca0-2202517c5d7c	2/F0IUqJQX3uJnuTLNH38t4zWdX50J4glIVSvMIELd44GmXH5/6sMqBbBkCrFMaX	2026-01-03 22:56:46.474569+01	2025-12-04 22:56:46.474569+01	t
05064334-312d-4187-ae18-e7ca8ca803bc	b9959041-c1ca-44db-9ca0-2202517c5d7c	6D34NSNnlK1yFvPL3oIoApbjvKE2N+i5hDUPgmpByVmHaw810gSM/E3NBCsaOHPB	2026-01-03 22:56:54.546901+01	2025-12-04 22:56:54.546901+01	t
33e97717-b49f-4eca-8064-b3ddaf71a319	011d8eb5-057a-4ecd-8fda-7200f38676be	Kgn8b9uc7wnKs9yfH+HkM6jSp71TV9UvUcYLWlwTg2UsTk/BEhUsM982szJaox2Z	2026-01-03 22:57:08.275869+01	2025-12-04 22:57:08.275869+01	t
58012741-f240-44e8-bbc6-41b3f51efa77	a74d27ac-d3ec-4160-92f3-94c953bb5aed	qp7W3mLpMOQjw5dJ4mNQZPJYUinXmJC6sd09+GhMPMNgdECO79EE7laO44bn52d7	2026-01-03 22:59:10.11447+01	2025-12-04 22:59:10.11447+01	t
468361f7-ca0e-4202-8868-511eba9e3c10	011d8eb5-057a-4ecd-8fda-7200f38676be	Y6ynA9/+IEac4867nY44s29Tr/D7VJorCR/qCuCuHswxdfib4F/ZxT65ONy+Rkyb	2026-01-03 22:59:19.57487+01	2025-12-04 22:59:19.574872+01	t
393cc793-76a9-4bd4-9a6f-119fab111e38	a74d27ac-d3ec-4160-92f3-94c953bb5aed	bxCxQBUn3vdU4+XnfckyBhcYLz3vQFJCJdcL8rMnL6GZH/PrlF+o/c2F+kgYlCX6	2026-01-03 23:00:01.627615+01	2025-12-04 23:00:01.627615+01	t
64f82899-3446-49a3-a3e7-48c37779217e	b9959041-c1ca-44db-9ca0-2202517c5d7c	2IrmGF0gBe+eSpvPWvqWpgvoS/yT93HqMnnzz11byOoyIWq9VeceU8y9zVk+5wIv	2026-01-03 22:55:57.985224+01	2025-12-04 22:55:57.985224+01	t
3b711a74-0450-4f6e-b799-6418d37b551f	011d8eb5-057a-4ecd-8fda-7200f38676be	GJ/cIxsjomYC7eiY73ltwoWhbXNjUTFU/MvyMTzcWh00C0NR5jbBM5iKMSBDJblQ	2026-01-03 23:00:08.007607+01	2025-12-04 23:00:08.007607+01	t
4626a8e6-849f-426d-bf16-995686c14d37	a74d27ac-d3ec-4160-92f3-94c953bb5aed	n5zD312PxkxPY4CsYYfmP6RwZe8ePXZ0Oh85zlpqJYGGEZ4NqppC9GefIPDqMd09	2026-01-03 23:00:30.449561+01	2025-12-04 23:00:30.449561+01	t
6bd76be6-205a-4d92-90bb-4ef13d1c24f7	011d8eb5-057a-4ecd-8fda-7200f38676be	kluGQuKecIt0cFhGk6VGVhV1LMtAJbK3rWQ9rnfc8sOorGlYfSzXONgYja6d5QFe	2026-01-03 23:00:52.456584+01	2025-12-04 23:00:52.456584+01	t
7e0683ec-e0d3-414b-9bcc-5dbede54b9d5	a74d27ac-d3ec-4160-92f3-94c953bb5aed	QT69Qh9TZHz5TGH0JJUL5BZBQJNQYPj8ue2Cgc1DFkMvpQbXduAjXOn3Jm4wOGMb	2026-01-03 23:01:03.601566+01	2025-12-04 23:01:03.601566+01	t
ea002502-4857-42ac-be5d-3fd1d1a4b882	011d8eb5-057a-4ecd-8fda-7200f38676be	cjekKORaFf7AVjGDKRKduChQshHNSWuqjNcakQRb3abiu6YwL/IowV49DhCf4EWx	2026-01-03 23:01:11.712865+01	2025-12-04 23:01:11.712865+01	f
430dfad3-a264-4050-ba38-8b030a76dc4b	011d8eb5-057a-4ecd-8fda-7200f38676be	kTZwa53avAjutSLTb7fAeWj7/CnSoBlCsSvGCGGIYDcGFCyni3sj94nCdvJV+yuS	2026-01-03 23:11:27.344162+01	2025-12-04 23:11:27.344241+01	t
33443ce0-4ddb-442d-9959-3cc787e13c0f	a74d27ac-d3ec-4160-92f3-94c953bb5aed	e9BWvGbmOeLpgU5LHtsHDJL3Jub+7NlrrPfFa9s7Y96x6ncTq7Xc7Hpj1T5/yWsH	2026-01-03 23:23:35.224596+01	2025-12-04 23:23:35.224597+01	t
54494eb9-c456-4eaa-9508-f754d84a8918	011d8eb5-057a-4ecd-8fda-7200f38676be	moid5PBaCC+vfD/OXCNfWHxR/73KDgkJK38Jjob9M/NfgHtIhDQUM5P4/+/4EgTF	2026-01-03 23:23:46.700672+01	2025-12-04 23:23:46.700673+01	t
dde5b0a1-5dbc-4f73-86e2-de5497ce71c7	9fda32e9-97dc-4ecf-92e9-19945e4fd53d	goFQXE3nTSYuvEu3vFvjV6aCHl476bfQfAHzCJEb3M9GIUvZdKPaaT3+Wojrp/KV	2026-01-03 23:25:22.784592+01	2025-12-04 23:25:22.784603+01	t
cf2d7678-57b9-49bb-ae56-ad8fa07e6b83	011d8eb5-057a-4ecd-8fda-7200f38676be	xHd7ljbrk/C9TmDOE1ElSfXMqH1DGijAADL5SC2JKcWRaO4ab4esv1oYMs1pn9hC	2026-01-03 23:25:58.844482+01	2025-12-04 23:25:58.844482+01	t
770a02e7-48ef-4536-8ad7-c6458658e77f	a74d27ac-d3ec-4160-92f3-94c953bb5aed	ig7fEJnsBIfAI9PVNtaYXvv3idVfUqIo1s0KGgn1AfmHdR1uOkYEhtLTXWphA+Y0	2026-01-03 23:33:19.422986+01	2025-12-04 23:33:19.422997+01	t
8b5df731-4f64-4dfe-90c7-862c77361c3e	df125186-18ea-48d3-a4d2-969ea8986890	Ty/hCzfvcFDk+uTjcYxdgum8cRJz0YMO8ULVn4I8Tso/55J+bndYGVNI0OmsP8rp	2026-01-03 23:34:01.324311+01	2025-12-04 23:34:01.324311+01	f
c61bf5b7-b773-4b7c-ad8b-c5eae1fde802	df125186-18ea-48d3-a4d2-969ea8986890	nVNFIJFBgwPtBVFqYWgckyO0DnqQQcIXas6TczfrysYXUvy0HUy/IQQ4GKyd5Loz	2026-01-03 23:41:59.885811+01	2025-12-04 23:41:59.885829+01	t
3f49eccc-e2fc-408d-a857-0fcabec3e909	011d8eb5-057a-4ecd-8fda-7200f38676be	/sDaB3peEVmjrAVBijUJGqU0h6piCXtYVTFLpeaXRJsiWhtEK1toSkk1B2Jxn7CZ	2026-01-03 23:47:24.117507+01	2025-12-04 23:47:24.117507+01	t
19489245-3475-4ee9-a0f5-c0055043ab4c	df125186-18ea-48d3-a4d2-969ea8986890	9ops0xl6qiEJvgpZtXF921dJKBkociKAUt745DcP/TnOVOcmcg0RbS8R7JtnK1V0	2026-01-04 00:00:59.183362+01	2025-12-05 00:00:59.183373+01	t
fab80c54-db16-4eaa-b5f6-40bb490a2b72	011d8eb5-057a-4ecd-8fda-7200f38676be	I8obAIk7b4nQ6UPxvfiS88c1WhWPpLYKrvovmNvNB6N/Ajj+LfehPhafoZvpEHIA	2026-01-04 00:01:20.229112+01	2025-12-05 00:01:20.229113+01	f
4315a02d-e800-48cd-9194-60c1b1997b03	b9959041-c1ca-44db-9ca0-2202517c5d7c	Ldl2rR6emFdWz12c/w5FFuEK9Eti6N6Gg8PfvJfx+ooRSSa2aQchMaVWcjZHfepc	2026-01-04 00:05:23.94555+01	2025-12-05 00:05:23.945551+01	f
f996b4b0-7154-4e2e-9fce-3d8667f2bbc1	011d8eb5-057a-4ecd-8fda-7200f38676be	L8BPNkhbq1eq7VU9EL69Vs2/9YPH1xygkAiRxIE3Fy+TqN560zREJfzP7Ph7jCzb	2026-01-04 00:16:27.399593+01	2025-12-05 00:16:27.399606+01	t
2eac7b99-88e7-4375-ba7f-a433e3107deb	9fda32e9-97dc-4ecf-92e9-19945e4fd53d	AV1xT7J2+f+PHaOwHeuqHUN9LCFOP0PV2vddZLl2o0QYPhs4dctKJKLFfhxTW9re	2026-01-04 00:18:34.780776+01	2025-12-05 00:18:34.780777+01	t
c870736d-96f3-432e-92f3-130726e1b82e	011d8eb5-057a-4ecd-8fda-7200f38676be	RgrkskB1cx0yMP9mNUPEouysKYg2HOBPgOoWD5eVbG9GziSsziTJpzceQz4msNQ/	2026-01-04 00:18:58.959041+01	2025-12-05 00:18:58.959041+01	t
add9a203-41de-445e-9f26-06c109211468	df125186-18ea-48d3-a4d2-969ea8986890	tM2zcQOUBPdVYGPlP4nMdMl6oSXdalnkmeFU8NRU2sePFricgQwqnH+f2UEEVWzs	2026-01-04 00:51:09.98957+01	2025-12-05 00:51:09.989583+01	t
898f1f4e-8c03-4f9c-ac5b-4f7d5cd4f142	a74d27ac-d3ec-4160-92f3-94c953bb5aed	0o9AzptfYhu3/PBdqBeyMVyh1fvPgqY2gVOEqG1MuNIhRKo9jTgMYw/QzoKzIjcb	2026-01-04 00:51:23.96447+01	2025-12-05 00:51:23.96447+01	t
cef492f4-9104-45c2-a562-170455bcddf2	df125186-18ea-48d3-a4d2-969ea8986890	n92WMiQ1zVQbmIKVDg+ye9B+VrAs0PuzH31n+vsEmmrUIBR/YVmXXt6EGHNIFg/B	2026-01-04 00:52:45.55191+01	2025-12-05 00:52:45.55191+01	t
a38d2aa6-8647-47ad-9898-019a3aec11f6	011d8eb5-057a-4ecd-8fda-7200f38676be	al6OxNUa6x/oigBBDe0eG+xe/oHOxHfa33P2ue2LkOP4n0H3jY0FwZQoJG+JGbQq	2026-01-04 00:53:00.059672+01	2025-12-05 00:53:00.059673+01	t
27cf25fb-6d79-4385-b8d2-228e356b4f35	df125186-18ea-48d3-a4d2-969ea8986890	Quj5k5JVO6jpUzNbuqtAeGBn1sBukjkY3l36pqAg9H/7niiyYSA0ypqfuLiDl47m	2026-01-04 00:54:56.359696+01	2025-12-05 00:54:56.359708+01	t
0f017de9-b430-4511-9438-b0bd5fc8c60b	011d8eb5-057a-4ecd-8fda-7200f38676be	7B6a21Fpy89/6syXpjMkdS90fK3/1gnPtSElo/asTihU+/Q3ABPYHDmhPujJTRjc	2026-01-04 00:55:39.692429+01	2025-12-05 00:55:39.692429+01	t
058fe8b0-b863-4acd-b80d-e47e893fb7b4	a74d27ac-d3ec-4160-92f3-94c953bb5aed	fwFryizBAX9mrkKva2ElvE9oBAPiWjcdYXXqUt6YUDcm7W/XcAq9z8typYaMcNiH	2026-01-04 00:57:02.592677+01	2025-12-05 00:57:02.592688+01	t
9bcf30f2-2257-4281-8a76-0d0552ac4ae4	011d8eb5-057a-4ecd-8fda-7200f38676be	etB/FPR5bsDZ0aEqDxuNZqYiPHIvDwT4AreWlhgAiEWAW3BH8coet08nf41cdg84	2026-01-04 00:58:09.946023+01	2025-12-05 00:58:09.946024+01	t
d5ed2021-4139-40da-8c86-60732efea699	df125186-18ea-48d3-a4d2-969ea8986890	3d3NTdUDm4dJ0X9mBXIuiFc0Kz0zyY5q/1u3aTNeIM156sexRMjmHt4LEBW0hrFp	2026-01-04 00:58:33.807207+01	2025-12-05 00:58:33.807208+01	t
c1b5ff75-9642-42ac-b8c1-7a4c16eedf38	011d8eb5-057a-4ecd-8fda-7200f38676be	pZGa+hF+awUzEVSx8bWhMfakH1I8RE8ldXJ4Ff1Jr0VUy3C1Lxp741BsgOO/NYQa	2026-01-04 00:58:53.996679+01	2025-12-05 00:58:53.996679+01	f
\.


--
-- Name: asp_net_role_claims_id_seq; Type: SEQUENCE SET; Schema: public; Owner: postgres
--

SELECT pg_catalog.setval('public.asp_net_role_claims_id_seq', 1, false);


--
-- Name: asp_net_user_claims_id_seq; Type: SEQUENCE SET; Schema: public; Owner: postgres
--

SELECT pg_catalog.setval('public.asp_net_user_claims_id_seq', 1, false);


--
-- Name: __EFMigrationsHistory PK___EFMigrationsHistory; Type: CONSTRAINT; Schema: public; Owner: postgres
--

ALTER TABLE ONLY public."__EFMigrationsHistory"
    ADD CONSTRAINT "PK___EFMigrationsHistory" PRIMARY KEY ("MigrationId");


--
-- Name: issue_servicemen PK_issue_servicemen; Type: CONSTRAINT; Schema: public; Owner: postgres
--

ALTER TABLE ONLY public.issue_servicemen
    ADD CONSTRAINT "PK_issue_servicemen" PRIMARY KEY (issue_id, serviceman_id);


--
-- Name: landlord_servicemen PK_landlord_servicemen; Type: CONSTRAINT; Schema: public; Owner: postgres
--

ALTER TABLE ONLY public.landlord_servicemen
    ADD CONSTRAINT "PK_landlord_servicemen" PRIMARY KEY (landlord_id, serviceman_id);


--
-- Name: property_tenants PK_property_tenants; Type: CONSTRAINT; Schema: public; Owner: postgres
--

ALTER TABLE ONLY public.property_tenants
    ADD CONSTRAINT "PK_property_tenants" PRIMARY KEY (property_id, tenant_id);


--
-- Name: asp_net_role_claims p_k_asp_net_role_claims; Type: CONSTRAINT; Schema: public; Owner: postgres
--

ALTER TABLE ONLY public.asp_net_role_claims
    ADD CONSTRAINT p_k_asp_net_role_claims PRIMARY KEY (id);


--
-- Name: asp_net_roles p_k_asp_net_roles; Type: CONSTRAINT; Schema: public; Owner: postgres
--

ALTER TABLE ONLY public.asp_net_roles
    ADD CONSTRAINT p_k_asp_net_roles PRIMARY KEY (id);


--
-- Name: asp_net_user_claims p_k_asp_net_user_claims; Type: CONSTRAINT; Schema: public; Owner: postgres
--

ALTER TABLE ONLY public.asp_net_user_claims
    ADD CONSTRAINT p_k_asp_net_user_claims PRIMARY KEY (id);


--
-- Name: asp_net_user_logins p_k_asp_net_user_logins; Type: CONSTRAINT; Schema: public; Owner: postgres
--

ALTER TABLE ONLY public.asp_net_user_logins
    ADD CONSTRAINT p_k_asp_net_user_logins PRIMARY KEY (login_provider, provider_key);


--
-- Name: asp_net_user_roles p_k_asp_net_user_roles; Type: CONSTRAINT; Schema: public; Owner: postgres
--

ALTER TABLE ONLY public.asp_net_user_roles
    ADD CONSTRAINT p_k_asp_net_user_roles PRIMARY KEY (user_id, role_id);


--
-- Name: asp_net_user_tokens p_k_asp_net_user_tokens; Type: CONSTRAINT; Schema: public; Owner: postgres
--

ALTER TABLE ONLY public.asp_net_user_tokens
    ADD CONSTRAINT p_k_asp_net_user_tokens PRIMARY KEY (user_id, login_provider, name);


--
-- Name: asp_net_users p_k_asp_net_users; Type: CONSTRAINT; Schema: public; Owner: postgres
--

ALTER TABLE ONLY public.asp_net_users
    ADD CONSTRAINT p_k_asp_net_users PRIMARY KEY (id);


--
-- Name: issue_comments p_k_issue_comments; Type: CONSTRAINT; Schema: public; Owner: postgres
--

ALTER TABLE ONLY public.issue_comments
    ADD CONSTRAINT p_k_issue_comments PRIMARY KEY (id);


--
-- Name: issues p_k_issues; Type: CONSTRAINT; Schema: public; Owner: postgres
--

ALTER TABLE ONLY public.issues
    ADD CONSTRAINT p_k_issues PRIMARY KEY (id);


--
-- Name: messages p_k_messages; Type: CONSTRAINT; Schema: public; Owner: postgres
--

ALTER TABLE ONLY public.messages
    ADD CONSTRAINT p_k_messages PRIMARY KEY (id);


--
-- Name: properties p_k_properties; Type: CONSTRAINT; Schema: public; Owner: postgres
--

ALTER TABLE ONLY public.properties
    ADD CONSTRAINT p_k_properties PRIMARY KEY (id);


--
-- Name: refresh_tokens p_k_refresh_tokens; Type: CONSTRAINT; Schema: public; Owner: postgres
--

ALTER TABLE ONLY public.refresh_tokens
    ADD CONSTRAINT p_k_refresh_tokens PRIMARY KEY (id);


--
-- Name: IX_landlord_servicemen_serviceman_id; Type: INDEX; Schema: public; Owner: postgres
--

CREATE INDEX "IX_landlord_servicemen_serviceman_id" ON public.landlord_servicemen USING btree (serviceman_id);


--
-- Name: IX_messages_receiver_id; Type: INDEX; Schema: public; Owner: postgres
--

CREATE INDEX "IX_messages_receiver_id" ON public.messages USING btree (receiver_id);


--
-- Name: IX_messages_sender_id; Type: INDEX; Schema: public; Owner: postgres
--

CREATE INDEX "IX_messages_sender_id" ON public.messages USING btree (sender_id);


--
-- Name: IX_refresh_tokens_token; Type: INDEX; Schema: public; Owner: postgres
--

CREATE INDEX "IX_refresh_tokens_token" ON public.refresh_tokens USING btree (token);


--
-- Name: email_index; Type: INDEX; Schema: public; Owner: postgres
--

CREATE INDEX email_index ON public.asp_net_users USING btree (normalized_email);


--
-- Name: i_x_asp_net_role_claims_role_id; Type: INDEX; Schema: public; Owner: postgres
--

CREATE INDEX i_x_asp_net_role_claims_role_id ON public.asp_net_role_claims USING btree (role_id);


--
-- Name: i_x_asp_net_user_claims_user_id; Type: INDEX; Schema: public; Owner: postgres
--

CREATE INDEX i_x_asp_net_user_claims_user_id ON public.asp_net_user_claims USING btree (user_id);


--
-- Name: i_x_asp_net_user_logins_user_id; Type: INDEX; Schema: public; Owner: postgres
--

CREATE INDEX i_x_asp_net_user_logins_user_id ON public.asp_net_user_logins USING btree (user_id);


--
-- Name: i_x_asp_net_user_roles_role_id; Type: INDEX; Schema: public; Owner: postgres
--

CREATE INDEX i_x_asp_net_user_roles_role_id ON public.asp_net_user_roles USING btree (role_id);


--
-- Name: i_x_issue_comments_author_id; Type: INDEX; Schema: public; Owner: postgres
--

CREATE INDEX i_x_issue_comments_author_id ON public.issue_comments USING btree (author_id);


--
-- Name: i_x_issue_comments_issue_id; Type: INDEX; Schema: public; Owner: postgres
--

CREATE INDEX i_x_issue_comments_issue_id ON public.issue_comments USING btree (issue_id);


--
-- Name: i_x_issue_servicemen_serviceman_id; Type: INDEX; Schema: public; Owner: postgres
--

CREATE INDEX i_x_issue_servicemen_serviceman_id ON public.issue_servicemen USING btree (serviceman_id);


--
-- Name: i_x_issues_property_id; Type: INDEX; Schema: public; Owner: postgres
--

CREATE INDEX i_x_issues_property_id ON public.issues USING btree (property_id);


--
-- Name: i_x_issues_reported_by_id; Type: INDEX; Schema: public; Owner: postgres
--

CREATE INDEX i_x_issues_reported_by_id ON public.issues USING btree (reported_by_id);


--
-- Name: i_x_properties_owner_id; Type: INDEX; Schema: public; Owner: postgres
--

CREATE INDEX i_x_properties_owner_id ON public.properties USING btree (owner_id);


--
-- Name: i_x_property_tenants_tenant_id; Type: INDEX; Schema: public; Owner: postgres
--

CREATE INDEX i_x_property_tenants_tenant_id ON public.property_tenants USING btree (tenant_id);


--
-- Name: i_x_refresh_tokens_user_id; Type: INDEX; Schema: public; Owner: postgres
--

CREATE INDEX i_x_refresh_tokens_user_id ON public.refresh_tokens USING btree (user_id);


--
-- Name: role_name_index; Type: INDEX; Schema: public; Owner: postgres
--

CREATE UNIQUE INDEX role_name_index ON public.asp_net_roles USING btree (normalized_name);


--
-- Name: user_name_index; Type: INDEX; Schema: public; Owner: postgres
--

CREATE UNIQUE INDEX user_name_index ON public.asp_net_users USING btree (normalized_user_name);


--
-- Name: landlord_servicemen FK_landlord_servicemen_asp_net_users_landlord_id; Type: FK CONSTRAINT; Schema: public; Owner: postgres
--

ALTER TABLE ONLY public.landlord_servicemen
    ADD CONSTRAINT "FK_landlord_servicemen_asp_net_users_landlord_id" FOREIGN KEY (landlord_id) REFERENCES public.asp_net_users(id) ON DELETE CASCADE;


--
-- Name: landlord_servicemen FK_landlord_servicemen_asp_net_users_serviceman_id; Type: FK CONSTRAINT; Schema: public; Owner: postgres
--

ALTER TABLE ONLY public.landlord_servicemen
    ADD CONSTRAINT "FK_landlord_servicemen_asp_net_users_serviceman_id" FOREIGN KEY (serviceman_id) REFERENCES public.asp_net_users(id) ON DELETE RESTRICT;


--
-- Name: messages FK_messages_asp_net_users_receiver_id; Type: FK CONSTRAINT; Schema: public; Owner: postgres
--

ALTER TABLE ONLY public.messages
    ADD CONSTRAINT "FK_messages_asp_net_users_receiver_id" FOREIGN KEY (receiver_id) REFERENCES public.asp_net_users(id) ON DELETE RESTRICT;


--
-- Name: messages FK_messages_asp_net_users_sender_id; Type: FK CONSTRAINT; Schema: public; Owner: postgres
--

ALTER TABLE ONLY public.messages
    ADD CONSTRAINT "FK_messages_asp_net_users_sender_id" FOREIGN KEY (sender_id) REFERENCES public.asp_net_users(id) ON DELETE RESTRICT;


--
-- Name: asp_net_role_claims f_k_asp_net_role_claims_asp_net_roles_role_id; Type: FK CONSTRAINT; Schema: public; Owner: postgres
--

ALTER TABLE ONLY public.asp_net_role_claims
    ADD CONSTRAINT f_k_asp_net_role_claims_asp_net_roles_role_id FOREIGN KEY (role_id) REFERENCES public.asp_net_roles(id) ON DELETE CASCADE;


--
-- Name: asp_net_user_claims f_k_asp_net_user_claims_asp_net_users_user_id; Type: FK CONSTRAINT; Schema: public; Owner: postgres
--

ALTER TABLE ONLY public.asp_net_user_claims
    ADD CONSTRAINT f_k_asp_net_user_claims_asp_net_users_user_id FOREIGN KEY (user_id) REFERENCES public.asp_net_users(id) ON DELETE CASCADE;


--
-- Name: asp_net_user_logins f_k_asp_net_user_logins_asp_net_users_user_id; Type: FK CONSTRAINT; Schema: public; Owner: postgres
--

ALTER TABLE ONLY public.asp_net_user_logins
    ADD CONSTRAINT f_k_asp_net_user_logins_asp_net_users_user_id FOREIGN KEY (user_id) REFERENCES public.asp_net_users(id) ON DELETE CASCADE;


--
-- Name: asp_net_user_roles f_k_asp_net_user_roles_asp_net_roles_role_id; Type: FK CONSTRAINT; Schema: public; Owner: postgres
--

ALTER TABLE ONLY public.asp_net_user_roles
    ADD CONSTRAINT f_k_asp_net_user_roles_asp_net_roles_role_id FOREIGN KEY (role_id) REFERENCES public.asp_net_roles(id) ON DELETE CASCADE;


--
-- Name: asp_net_user_roles f_k_asp_net_user_roles_asp_net_users_user_id; Type: FK CONSTRAINT; Schema: public; Owner: postgres
--

ALTER TABLE ONLY public.asp_net_user_roles
    ADD CONSTRAINT f_k_asp_net_user_roles_asp_net_users_user_id FOREIGN KEY (user_id) REFERENCES public.asp_net_users(id) ON DELETE CASCADE;


--
-- Name: asp_net_user_tokens f_k_asp_net_user_tokens_asp_net_users_user_id; Type: FK CONSTRAINT; Schema: public; Owner: postgres
--

ALTER TABLE ONLY public.asp_net_user_tokens
    ADD CONSTRAINT f_k_asp_net_user_tokens_asp_net_users_user_id FOREIGN KEY (user_id) REFERENCES public.asp_net_users(id) ON DELETE CASCADE;


--
-- Name: issue_comments f_k_issue_comments__asp_net_users_author_id; Type: FK CONSTRAINT; Schema: public; Owner: postgres
--

ALTER TABLE ONLY public.issue_comments
    ADD CONSTRAINT f_k_issue_comments__asp_net_users_author_id FOREIGN KEY (author_id) REFERENCES public.asp_net_users(id) ON DELETE RESTRICT;


--
-- Name: issue_comments f_k_issue_comments_issues_issue_id; Type: FK CONSTRAINT; Schema: public; Owner: postgres
--

ALTER TABLE ONLY public.issue_comments
    ADD CONSTRAINT f_k_issue_comments_issues_issue_id FOREIGN KEY (issue_id) REFERENCES public.issues(id) ON DELETE CASCADE;


--
-- Name: issue_servicemen f_k_issue_servicemen__asp_net_users_serviceman_id; Type: FK CONSTRAINT; Schema: public; Owner: postgres
--

ALTER TABLE ONLY public.issue_servicemen
    ADD CONSTRAINT f_k_issue_servicemen__asp_net_users_serviceman_id FOREIGN KEY (serviceman_id) REFERENCES public.asp_net_users(id) ON DELETE RESTRICT;


--
-- Name: issue_servicemen f_k_issue_servicemen_issues_issue_id; Type: FK CONSTRAINT; Schema: public; Owner: postgres
--

ALTER TABLE ONLY public.issue_servicemen
    ADD CONSTRAINT f_k_issue_servicemen_issues_issue_id FOREIGN KEY (issue_id) REFERENCES public.issues(id) ON DELETE CASCADE;


--
-- Name: issues f_k_issues__asp_net_users_reported_by_id; Type: FK CONSTRAINT; Schema: public; Owner: postgres
--

ALTER TABLE ONLY public.issues
    ADD CONSTRAINT f_k_issues__asp_net_users_reported_by_id FOREIGN KEY (reported_by_id) REFERENCES public.asp_net_users(id) ON DELETE RESTRICT;


--
-- Name: issues f_k_issues__properties_property_id; Type: FK CONSTRAINT; Schema: public; Owner: postgres
--

ALTER TABLE ONLY public.issues
    ADD CONSTRAINT f_k_issues__properties_property_id FOREIGN KEY (property_id) REFERENCES public.properties(id) ON DELETE CASCADE;


--
-- Name: properties f_k_properties__asp_net_users_owner_id; Type: FK CONSTRAINT; Schema: public; Owner: postgres
--

ALTER TABLE ONLY public.properties
    ADD CONSTRAINT f_k_properties__asp_net_users_owner_id FOREIGN KEY (owner_id) REFERENCES public.asp_net_users(id) ON DELETE RESTRICT;


--
-- Name: property_tenants f_k_property_tenants__asp_net_users_tenant_id; Type: FK CONSTRAINT; Schema: public; Owner: postgres
--

ALTER TABLE ONLY public.property_tenants
    ADD CONSTRAINT f_k_property_tenants__asp_net_users_tenant_id FOREIGN KEY (tenant_id) REFERENCES public.asp_net_users(id) ON DELETE RESTRICT;


--
-- Name: property_tenants f_k_property_tenants_properties_property_id; Type: FK CONSTRAINT; Schema: public; Owner: postgres
--

ALTER TABLE ONLY public.property_tenants
    ADD CONSTRAINT f_k_property_tenants_properties_property_id FOREIGN KEY (property_id) REFERENCES public.properties(id) ON DELETE CASCADE;


--
-- Name: refresh_tokens f_k_refresh_tokens__asp_net_users_user_id; Type: FK CONSTRAINT; Schema: public; Owner: postgres
--

ALTER TABLE ONLY public.refresh_tokens
    ADD CONSTRAINT f_k_refresh_tokens__asp_net_users_user_id FOREIGN KEY (user_id) REFERENCES public.asp_net_users(id) ON DELETE CASCADE;


--
-- PostgreSQL database dump complete
--

\unrestrict Ame5RedryAeyDKOZ6iaRpDbHLOy7ZQTaaI0mWdqwZhbTuog0vMyyHlFJGubQS26

